Part Number,EZE Qty
 770006 ,8.0
 710540 ,1.0
 CASTROL AERO 40 RED ,11.0
 1021642-1 ,3.0
 CRC 10900 ,117.0
 AC7681F820Y4 ,29.0
 AS3208-06 ,357.0
 AS3208-28 ,15.0
 1021643-1 ,0.0
 69494J910 ,0.0
 69494J11 ,21.0
 69494J904 ,17.0
 2305H020 ,14.0
 69494J12 ,2.0
 727604-5 ,31.0
 774859-5 ,2.0
 KRYTOX 240 AC ,10.0
 808574-6 ,4.0
 821166-1 , C 
 67M66-1 ,2.0
 69494J905 ,4 ST:4.0RS:0.0IA:2.0OW:0.0AU:0.0AS:32 
 AS1895-23-300 ,127 ST:127.0RS:0.0IA:0.0OW:0.0AU:0.0AS:204   
 4951542 ,0.0
 AS1895-23-125 , E 
 M83248-1-138 ,581.0
 B10804-1 , EA 
 B10804-2 ,5 ST:5.0RS:0.0IA:2.0OW:0.0AU:0.0AS:22   
 LR26393-037 ,0.0
 M83248-1-017 , N 
 1001450-2 ,14 ST:14.0RS:0.0IA:0.0OW:0.0AU:0.0AS:26 
 7593418-101 ,28.0
 TRIBOLUBE 64RPC ,11 ST:11.0RS:0.0IA:0.0OW:0.0AU:0.0AS:22 
 M83461-2-904 ,499.0
 P2-07-0009-520 ,0.0
 MS-122AD ,11.71
 M25988/4-029 ,52.0
 M25988/4-115 , PACKING. 
 QA06855 ,1 ST:1.0RS:0.0IA:0.0OW:0.0AU:0.0AS:8 
 ACC468F2030 ,30 ST:30.0RS:0.0IA:2.0OW:0.0AU:0.0AS:42   
 M25988-1-129 ,23.0
 M25988-1-908 ,20.0
 M25988-4-243 , EA 
 MS27595-243 ,37 ST:37.0RS:0.0IA:0.0OW:0.0AU:0.0AS:65   
 7033M63P023 ,42.0
 J227P023 , N 
 J228P022 ,5 ST:5.0RS:0.0IA:0.0OW:0.0AU:0.0AS:6 
 8TJ201JAA1 ,11.0
 J221P015 ,476.0
 J221P016 , 9.217631205093864 
 J221P014 ,17 ST:17.0RS:0.0IA:0.0OW:0.0AU:0.0AS:24   
 NAS1612-6A ,243.0
 RTV 103 ,32.0
 2032M97G02 , C 
 4952354 ,1 ST:1.0RS:0.0IA:0.0OW:0.0AU:0.0AS:1 
